UNITID,INSTNM,IALIAS,ADDR,CITY,STABBR,ZIP,FIPS,OBEREG,CHFNM,CHFTITLE,GENTELE,EIN,DUNS,OPEID,OPEFLAG,WEBADDR,ADMINURL,FAIDURL,APPLURL,NPRICURL,VETURL,ATHURL,DISAURL,SECTOR,ICLEVEL,CONTROL,HLOFFER,UGOFFER,GROFFER,HDEGOFR1,DEGGRANT,HBCU,HOSPITAL,MEDICAL,TRIBAL,LOCALE,OPENPUBL,ACT,NEWID,DEATHYR,CLOSEDAT,CYACTIVE,POSTSEC,PSEFLAG,PSET4FLG,RPTMTH,INSTCAT,C18BASIC,C18IPUG,C18IPGRD,C18UGPRF,C18ENPRF,C18SZSET,C15BASIC,CCBASIC,CARNEGIE,LANDGRNT,INSTSIZE,F1SYSTYP,F1SYSNAM,F1SYSCOD,CBSA,CBSATYPE,CSA,NECTA,COUNTYCD,COUNTYNM,CNGDSTCD,LONGITUD,LATITUDE,DFRCGID,DFRCUSCG,YEAR
222567,Alvin Community College,Alvin|ACC|Dolphins,3110 Mustang Rd,Alvin,TX,77511-4898,48,6,Dr. Christal Albrecht,President,2817563500,741405330,077420917,353900,1,www.alvincollege.edu/,www.alvincollege.edu/admissions/,www.alvincollege.edu/Financial-Aid,https://www.applytexas.org/adappc/gen/c_start.WBX,www.alvincollege.edu/financial-aid/netprice/npcalc.htm,www.alvincollege.edu/veterans/,www.alvincollege.edu/student-information/student-right-to-know.html,www.alvincollege.edu/Disability-Services,4,2,1,4,1,2,40,1,2,-2,2,2,21,1,A ,-2,-2,-2,1,1,1,1,1,4,6,2,0,1,1,3,5,3,40,2,3,2,-2,-2,26420,1,288,-2,48039,Brazoria County,4822,-95.240671,29.396244,79,1,2020
222576,Amarillo College, ,2011 S. Washington,Amarillo,TX,79109,48,6,Dr. Russell Lowery-Hart,President,8063715000,756000031,073186108,354000,1,www.actx.edu/,www.actx.edu/admission/,https://www.actx.edu/fin/,https://www.actx.edu/enroll/,https://www.actx.edu/fin/net-price-calculator,https://www.actx.edu/veterans/, ,https://www.actx.edu/disability/,4,2,1,3,1,2,40,1,2,-2,2,2,12,1,A ,-2,-2,-2,1,1,1,1,1,4,4,2,0,1,1,4,4,3,40,2,3,2,-2,-2,11100,1,108,-2,48375,Potter County,4813,-101.846988,35.187839,73,1,2020
222822,Angelina College,AC,3500 South First,Lufkin,TX,75902-1768,48,6,Michael J. Simon,President,9366391301,751244347,074166273|145360975|185582470|947721940|134116024|113485911|619289106,666100,1,www.angelina.edu/,www.angelina.edu/records,www.angelina.edu/financial-aid,https://myac.angelina.edu/ICS/Admissions,www.collegeforalltexans.com/apps/CollegeMoney/,www.angelina.edu/va-benefits/, ,www.angelina.edu/studentaccess/inclusion/,4,2,1,3,1,2,40,1,2,-2,2,2,33,1,A ,-2,-2,-2,1,1,1,1,1,4,8,3,0,1,1,3,5,2,40,2,2,2,-2,-2,31260,2,-2,-2,48005,Angelina County,4801,-94.731625,31.287444,85,1,2020
222831,Angelo State University,Angelo State,2601 W. Avenue N,San Angelo,TX,76909,48,6,Ronnie D. Hawkins,President,3259422555,756002403,073157737,354100,1,www.angelo.edu/,www.angelo.edu/dept/admissions/,https://www.angelo.edu/admissions-and-aid/paying-for-college/tuition-and-fees/net-price-calculator.php,www.applytexas.org/,www.collegeforalltexans.com/apps/CollegeMoney/,www.angelo.edu/dept/veterans/,www.angelosports.com/,https://www.angelo.edu/services/disability-services/,1,1,1,9,1,1,13,1,2,2,2,2,12,1,A ,-2,-2,-2,1,1,1,1,1,2,18,13,4,11,4,13,18,19,21,2,4,1,Texas Tech University System,148050,41660,1,-2,-2,48451,Tom Green County,4811,-100.465051,31.440914,108,1,2020
222992,Austin Community College District, ,5930 Middle Fiskville Rd,Austin,TX,78752,48,6,Dr. Richard M. Rhodes,Chancellor,5122237000,741742036,078493517,1201500,1,www.austincc.edu/,www.austincc.edu/admissions,www.austincc.edu/students/financial-aid,www.austincc.edu/admissions,www.austincc.edu/students/financial-aid/explore-your-financial-aid/cost-of-attendance/net-price-calculator, ,www.austincc.edu/graduation-retention-and-transfer-rates,www.austincc.edu/support-and-services/services-for-students/student-accessibility-services-and-assistive-technology,1,1,1,5,1,2,30,1,2,2,2,2,11,1,A ,-2,-2,-2,1,1,1,1,1,3,5,1,0,1,1,5,6,7,40,2,5,2,-2,-2,12420,1,-2,-2,48453,Travis County,4810,-97.712505,30.322744,189,1,2020
223320,Coastal Bend College,CBC,3800 Charco Rd,Beeville,TX,78102,48,6,Dr. Justin Hoggard,President,3613542200,741542306,074608902|050013486|159388750|793747531,354600,1,www.coastalbend.edu/,www.coastalbend.edu/Admissions/,www.coastalbend.edu/FinAid/,www.coastalbend.edu/admissions_application/,www.collegeforalltexans.com/apps/CollegeMoney/,coastalbend.edu/TwoColumnLeft.aspx?pageid=8079&terms=military tuition, ,coastalbend.edu/specialneeds/,4,2,1,4,1,2,40,1,2,-2,2,2,32,1,A ,-2,-2,-2,1,1,1,1,1,4,9,3,0,1,1,3,7,2,40,2,2,2,-2,-2,13300,2,-2,-2,48025,Bee County,4834,-97.755896,28.435194,88,1,2020
223427,Blinn College, ,902 College Ave,Brenham,TX,77833-4098,48,6,Dr. Mary Hensley,Chancellor of the Blinn College District,9798304000,746000400,078444817,354900,1,www.blinn.edu/,www.blinn.edu/admissions/,https://www.blinn.edu/financial-aid/index.html,https://www.applytexas.org/adappc/gen/c_start.WBX,www.collegeforalltexans.com/apps/CollegeMoney/,https://www.blinn.edu/veteran-services/index.html,https://www.blinn.edu/student-services/student-consumer-information.html,www.blinn.edu/Disability/index.html,4,2,1,3,1,2,40,1,2,-2,2,2,32,1,A ,-2,-2,-2,1,1,1,1,1,4,1,1,0,2,1,5,1,3,40,2,4,2,-2,-2,14780,2,288,-2,48477,Washington County,4810,-96.40852,30.160457,62,2,2020
223506,Brazosport College,BC,500 College Dr,Lake Jackson,TX,77566,48,6,Millicent M Valek,President,9792303000,741587881,079913091,728700,1,www.brazosport.edu/,www.brazosport.edu/students/future-students/admissions/,www.brazosport.edu/students/paying-for-college/financial-aid/,www.applytexas.org/adappc/gen/c_start.WBX,www.collegeforalltexans.com/apps/CollegeMoney/,brazosport.edu/students/for-students/counseling-testing/veterans-services/, ,brazosport.edu/students/for-students/counseling-testing/disability-services/,1,1,1,5,1,2,30,1,2,2,2,2,23,1,A ,-2,-2,-2,1,1,1,1,1,3,23,5,0,5,2,9,14,12,40,2,2,2,-2,-2,26420,1,288,-2,48039,Brazoria County,4814,-95.40934,29.048604,195,1,2020
223524,Brookhaven College, ,3939 Valley View Ln,Farmers Branch,TX,75244-4997,48,6, , , ,-1, ,2100200,5, , , , , , , , ,4,2,1,3,1,2,40,1,2,-2,-2,2,21,1,C ,224615,2020,-2,3,1,3,9,-2,-2,6,1,0,1,1,4,3,7,40,2,-2,-2,-2,-2,19100,1,206,-2,48113,Dallas County,4824,-96.850152,32.928231,-2,-2,2020
223773,Cedar Valley College, ,3030 North Dallas Ave,Lancaster,TX,75134-3799,48,6, , , ,-1, ,356100,5, , , , , , , , ,4,2,1,3,1,2,40,1,2,-2,-2,2,41,1,C ,224615,2020,-2,3,1,3,9,-2,-2,6,2,0,1,1,3,6,7,40,2,-2,-2,-2,-2,19100,1,206,-2,48113,Dallas County,4830,-96.763413,32.62568,-2,-2,2020
223816,Central Texas College, ,6200 West Central Texas Expressway,Killeen,TX,76549-4199,48,6,Jim Yeonopolus,Chancellor,2545267161,741539003,074875279,400300,1,www.ctcd.edu/,www.ctcd.edu/academics/catalog/catalog-texas/admissions-and-registration/,www.ctcd.edu/students/current-ctc-students/financial-aid/,ctc4me.force.com/apply/TX_SiteLogin?startURL=%2Fapply%2FTargetX_Portal__PB,www.collegeforalltexans.com/apps/CollegeMoney/,www.ctcd.edu/students/military-students-veterans-and-spouses/, ,www.ctcd.edu/locations/central-campus/student-support/student-success-persistence/disability-support-services/,4,2,1,3,1,2,40,1,2,-2,2,2,22,1,A ,-2,-2,-2,1,1,1,1,1,4,3,1,0,1,1,4,3,8,40,2,4,2,-2,-2,28660,1,-2,-2,48099,Coryell County,4825,-97.810827,31.120516,70,1,2020
223898,Cisco College, ,101 College Heights,Cisco,TX,76437,48,6,Dr. Thad Anglin,President,2544425000,751164343,073187205,355300,1,https://www.cisco.edu/,https://www.cisco.edu/admissions,https://www.cisco.edu/tuition-financial-aid/financial-aid,https://admin.cisco.edu/adm/admapp.html,www.collegeforalltexans.com/apps/CollegeMoney/, ,https://www.cisco.edu/uploads/files/general/Institutional-Effectiveness-and-Research/2018-Equity-in-Athletics-Disclosure-Act-Survey.pdf,https://www.cisco.edu/student-life/academic-support/counseling#specialpopulations,4,2,1,3,1,2,40,1,2,-2,2,2,33,1,A ,-2,-2,-2,1,1,1,1,1,4,4,2,0,2,1,3,4,2,40,2,2,2,-2,-2,-2,-2,-2,-2,48133,Eastland County,4811,-98.985206,32.401132,74,1,2020
223922,Clarendon College, ,1122 College Drive,Clarendon,TX,79226,48,6,Mr. Texas Buckhaults,President,8068743571107,756055652,087493730,355400,1,www.clarendoncollege.edu/, , , ,www.collegeforalltexans.com/apps/CollegeMoney/,www.clarendoncollege.edu/students/financial_aid.php, ,www.clarendoncollege.edu/advising,4,2,1,3,1,2,40,1,2,-2,2,2,43,1,A ,-2,-2,-2,1,1,1,1,1,4,8,3,0,1,1,2,8,1,40,2,2,2,-2,-2,-2,-2,-2,-2,48129,Donley County,4813,-100.902421,34.944558,86,2,2020
224110,North Central Texas College,NCTC/North Central Texas Community College District/North Central Texas College District,1525 W California Street,Gainesville,TX,76240-4699,48,6,Brent Wallace,Chancellor,9406687731,751050382, ,355800,1,www.nctc.edu/,www.nctc.edu/admissions/index.html,www.nctc.edu/financial-aid/index.html,www.nctc.edu/catalog/admissions-information/general-admission-policy/admission-application.html,www.collegeforalltexans.com/apps/CollegeMoney/,www.nctc.edu/veteran-services/index.html,www.nctc.edu/financial-aid/consumer-information.html,www.nctc.edu/student-services/disability-services/index.html,4,2,1,3,1,2,40,1,2,-2,2,2,32,1,A ,-2,-2,-2,1,1,1,1,1,4,4,1,0,1,1,4,1,3,40,2,3,2,-2,-2,23620,2,206,-2,48097,Cooke County,4813,-97.1658,33.6188,73,1,2020
224147,Texas A & M University-Corpus Christi, ,6300 Ocean Dr.,Corpus Christi,TX,78412-5503,48,6,Dr. Kelly Miller,President,3618255700,741760663,095100152,1116100,1,www.tamucc.edu/,admissions.tamucc.edu/,osfa.tamucc.edu/,admissions.tamucc.edu/admissions_forms.html,osfa.tamucc.edu/,vets.tamucc.edu/index.html,https://osfa.tamucc.edu/Islanders_Right_to_Know.html,disabilityservices.tamucc.edu/,1,1,1,9,1,1,11,1,2,2,2,2,11,1,A ,-2,-2,-2,1,1,1,1,1,2,16,13,18,11,4,16,17,17,21,2,4,1,Texas A&M University System,148020,18580,1,204,-2,48355,Nueces County,4827,-97.32395,27.713723,98,1,2020
224350,Del Mar College,DMC,101 Baldwin Blvd.,Corpus Christi,TX,78404-3897,48,6,"Mark Escamilla, Ph.D.",President,3616981200,746003102,063067359,356300,1,www.delmar.edu/,www.delmar.edu/Admissions_Requirements.aspx,www.delmar.edu/finaid/,www.delmar.edu/Applying_to_Del_Mar.aspx,www.delmar.edu/becoming-a-viking/afford/index.html, , ,www.delmar.edu/disability/,4,2,1,4,1,2,40,1,2,-2,2,2,11,1,A ,-2,-2,-2,1,1,1,1,1,4,7,2,0,1,1,4,4,3,40,2,4,2,-2,-2,18580,1,204,-2,48355,Nueces County,4827,-97.40762,27.763619,82,1,2020
224545,Texas A&M University-Texarkana,A&M-Texarkana,7101 University Avenue,Texarkana,TX,75503,48,6,Emily Cutrer,President,9032233000,752655354,023039993,3170300,1,www.tamut.edu/,www.tamut.edu/Admissions,www.tamut.edu/Admissions/Enrollment-Services/Financial-Aid/index.html,https://www.applytexas.org/,www.collegeforalltexans.com/apps/CollegeMoney/, , ,www.tamut.edu/Academics/Student-Support/Disability-Services/index.html,1,1,1,9,1,1,12,1,2,2,2,2,41,1,A ,-2,-2,-2,1,1,1,1,1,2,19,10,7,9,4,9,19,18,21,2,2,1,Texas A&M University System,148020,45500,1,-2,-2,48037,Bowie County,4804,-94.103617,33.490482,118,2,2020
224554,Texas A & M University-Commerce,A&M-Commerce,2600 South Neal Street,Commerce,TX,75428-3011,48,6,Mark Rudin,President & CEO,8888682682,756001353,073131419,356500,1,www.tamuc.edu/,www.tamuc.edu/admissions/,www.tamuc.edu/admissions/tuitionCosts/financialAidandScholarships/,www.applytexas.org/adappc/gen/c_start.WBX,www.collegeforalltexans.com/apps/CollegeMoney/, ,www.tamuc.edu/admissions/registrar/generalInformation/student-right-to-know.aspx,www.tamuc.edu/CampusLife/CampusServices/studentDisabilityResourcesAndServices/default.aspx,1,1,1,9,1,1,12,1,2,2,2,2,32,1,A ,-2,-2,-2,1,1,1,1,1,2,17,11,18,9,5,13,16,17,16,2,4,1,Texas A&M University System,148020,19100,1,206,-2,48231,Hunt County,4804,-95.908451,33.243745,101,1,2020
224572,Eastfield College, ,3737 Motley Dr,Mesquite,TX,75150-2099,48,6, , , ,-1, ,851000,5, , , , , , , , ,4,2,1,3,1,2,40,1,2,-2,-2,2,21,1,C ,224615,2020,-2,3,1,3,9,-2,-2,3,2,0,1,1,4,6,7,40,2,-2,-2,-2,-2,19100,1,206,-2,48113,Dallas County,4805,-96.659462,32.815673,-2,-2,2020
224615,Dallas College, ,1601 South Lamar,Dallas,TX,75215-3604,48,6,Dr. Joe May,Chancellor,2143781824,751213149,066376278,445300,1,www.dcccd.edu/pages/default.aspx,www.dcccd.edu/admissions/pages/admissions-offices.aspx,www.dcccd.edu/paying-for-college/financial-aid/pages/contact.aspx,www1.dcccd.edu/stuapp/,www.dcccd.edu/paying-for-college/cost-tuition/pages/tuition-calculator.aspx,www.dcccd.edu/resources/veterans/pages/tuition-waiver.aspx, ,www.dcccd.edu/resources/disability-services/pages/default.aspx,1,1,1,5,1,2,30,1,2,2,2,2,11,1,A ,-2,-2,-2,1,1,1,1,1,3,9,2,0,1,1,3,6,7,40,2,5,1,Dallas County Community College District,148013,19100,1,206,-2,48113,Dallas County,4830,-96.794036,32.766319,189,2,2020
224642,El Paso Community College, ,9050 Viscount Blvd,El Paso,TX,79925-6507,48,6,Dr. William Serrata,President,9158312000,741690850,030160782,1038700,1,www.epcc.edu/,www.epcc.edu/Admissions,www.epcc.edu/Admissions/FinancialAid,www.epcc.edu/Admissions/enrollment-checklist,www.epcc.edu/Admissions/FinancialAid/how-awards-are-determined,www.epcc.edu/Services/Military-Veterans,www.epcc.edu/Services/Athletics,www.epcc.edu/Services/csd,4,2,1,3,1,2,40,1,2,-2,2,2,11,1,A ,-2,-2,-2,1,1,1,1,1,4,1,1,0,1,1,5,1,7,40,2,5,2,-2,-2,21340,1,238,-2,48141,El Paso County,4816,-106.373616,31.773359,62,1,2020
224891,Frank Phillips College,FPC,1301 W. Roosevelt St.,Borger,TX,79008-5118,48,6,Dr. Glendon Forgey,President,8064574200,756001630,087490819,356800,1,www.fpctx.edu/,fpctx.edu/admissions/,fpctx.edu/paying-for-college/#financials-tab-3,https://www.applytexas.org/adappc/gen/c_start.WBX,www.collegeforalltexans.com/apps/CollegeMoney/, ,www.fpctx.edu/athletics/,fpctx.edu/academics/special-accomodations/,4,2,1,3,1,2,40,1,2,-2,2,2,32,1,A ,-2,-2,-2,1,1,1,1,1,4,3,3,0,1,1,2,9,1,40,2,2,2,-2,-2,14420,2,108,-2,48233,Hutchinson County,4813,-101.406005,35.657778,71,1,2020
224961,Galveston College, ,4015 Ave Q,Galveston,TX,77550-7496,48,6,Dr. W. Myles Shelton,President,4099441220,741561720,060716321,497200,1,www.gc.edu/,https://www.gc.edu/admissions/,https://www.gc.edu/financial-aid/,www.applytexas.org/,www.collegeforalltexans.com/apps/CollegeMoney/, , ,https://gc.edu/student-services/counseling-career-center/students-with-special-needs/,1,1,1,5,1,2,30,1,2,2,2,2,31,1,A ,-2,-2,-2,1,1,1,1,1,3,5,2,0,1,1,2,6,2,40,2,2,2,-2,-2,26420,1,288,-2,48167,Galveston County,4814,-94.807686,29.284735,192,2,2020
225070,Grayson College, ,6101 Grayson Drive,Denison,TX,75020-8299,48,6,Dr.  Jeremy McMillen,President,9034152592,751169719,068971720,357000,1,grayson.edu/,https://grayson.edu/Apply/index.html,https://grayson.edu/FinancialAid/index.html,https://gcapp.grayson.edu/,https://grayson.edu/FinancialAid/net-price-calculator.html,https://grayson.edu/FinancialAid/Veterans Services Office/index.html,www.grayson.edu/Public Notices/student-notices--right-to-know.html,www.grayson.edu/gettingstarted/advising/Students with Disabilities.html,1,1,1,5,1,2,30,1,2,2,2,2,41,1,A ,-2,-2,-2,1,1,1,1,1,3,5,2,0,1,1,3,5,2,40,2,2,2,-2,-2,43300,1,206,-2,48181,Grayson County,4804,-96.633891,33.70574,191,1,2020
225308,Trinity Valley Community College,TVCC,100 Cardinal Drive,Athens,TX,75751,48,6,Dr. Jerry King,President,9036756200,756001769,075124321,357200,1,www.tvcc.edu/,www.tvcc.edu/Registrar/?d=222,www.tvcc.edu/financial-aid/?d=204,www.applytexas.org/,www.collegeforalltexans.com/apps/CollegeMoney/, ,www.tvcc.edu/Financial-Aid/category.aspx?z=794,www.tvcc.edu/Cardinal-Success-Center/category.aspx?z=614,4,2,1,3,1,2,40,1,2,-2,2,2,32,1,A ,-2,-2,-2,1,1,1,1,1,4,6,2,0,2,1,3,6,5,40,2,3,2,-2,-2,11980,2,206,-2,48213,Henderson County,4805,-95.858513,32.196596,79,2,2020
225371,Hill College, ,112 Lamar Dr,Hillsboro,TX,76645,48,6,Dr. Pam Boehm,President,2546597500,741404239,075096487,357300,1,https://www.hillcollege.edu/,https://www.hillcollege.edu/Admissions_Aid/ApplyNow/Index.html,https://www.hillcollege.edu/Admissions_Aid/FinancialAid/About-FA.html,https://www.hillcollege.edu/Admissions_Aid/ApplyNow/Index.html,https://www.hillcollege.edu/Admissions_Aid/FinancialAid/Net Price Calculator.html,www.hillcollege.edu/Admissions_Aid/Admissions/Veterans.html, ,https://www.hillcollege.edu/Student/Advising/ADA.html,4,2,1,3,1,2,40,1,2,-2,2,2,32,1,A ,-2,-2,-2,1,1,1,1,1,4,6,3,0,1,1,3,8,2,40,2,2,2,-2,-2,-2,-2,-2,-2,48217,Hill County,4825,-97.088332,32.010928,79,1,2020
225414,University of Houston-Clear Lake,"UHCL| University of Houston - Clear Lake| University of Houston, Clear Lake| UH-CL|University of Houston - ClearLake| University of Houston-ClearLake",2700 Bay Area Blvd,Houston,TX,77058-1002,48,6,Dr. Ira Blake,President,2812837600,746001399,039674916|030534916|039674916,1171100,1,www.uhcl.edu/,www.uhcl.edu/admissions,www.uhcl.edu/costs-aid/,https://www.applytexas.org/adappc/gen/c_start.WBX,uhcl.studentaidcalculator.com/survey.aspx,www.uhcl.edu/veteran-services/, ,www.uhcl.edu/disability-services/,1,1,1,9,1,1,12,1,2,2,2,2,21,1,A ,-2,-2,-2,1,1,1,1,1,2,18,14,12,5,5,12,18,18,21,2,3,1,University of Houston System,148070,26420,1,288,-2,48201,Harris County,4836,-95.098129,29.582523,108,1,2020
225423,Houston Community College,HCC,3100 Main Street,Houston,TX,77002,48,6,Dr. Cesar Maldonado,Chancellor,8774226111,741709152,074162462,1063300,1,www.hccs.edu/,www.hccs.edu/applying-and-paying/,www.hccs.edu/applying-and-paying/financial-aid/,https://www.hccs.edu/applying-and-paying/,www.collegeforalltexans.com/apps/CollegeMoney/,www.hccs.edu/support-services/veteran-affairs/, ,www.hccs.edu/support-services/ability-services/,4,2,1,3,1,2,40,1,2,-2,2,2,11,1,A ,-2,-2,-2,1,1,1,1,1,4,1,1,0,1,1,5,1,7,40,2,5,2,-2,-2,26420,1,288,-2,48201,Harris County,4818,-95.377319,29.742114,62,1,2020
225432,University of Houston-Downtown, ,1 Main Street,Houston,TX,77002-1014,48,6,Loren J. Blanchard,President,7132218000,746001399,039674494,361200,1,www.uhd.edu/,www.uhd.edu/admissions/,www.uhd.edu/financial/,www.uhd.edu/admissions/apply/Pages/admissions-application.aspx,www.uhd.edu/financial/cost/Pages/financial-cost-calculator.aspx,www.uhd.edu/veterans/, ,www.uhd.edu/student-life/disability/Pages/disability-index.aspx,1,1,1,7,1,1,20,1,2,2,2,2,11,1,A ,-2,-2,-2,1,1,1,1,1,2,18,13,7,5,3,12,20,22,32,2,4,1,University of Houston System,148070,26420,1,288,-2,48201,Harris County,4818,-95.359338,29.7661,107,1,2020
225502,University of Houston-Victoria, ,3007 N. Ben Wilson,Victoria,TX,77901,48,6,Robert K Glenn,President,3615704848,746001399,021551817,1323100,1,www.uhv.edu/,www.uhv.edu/admissions-at-uhv/,www.uhv.edu/financial-aid/,www.uhv.edu/apply/default.aspx,www.collegeforalltexans.com/apps/CollegeMoney/,www.uhv.edu/financial-aid/veterans/, ,www.uhv.edu/disability-services/,1,1,1,7,1,1,20,1,2,2,2,2,13,1,A ,-2,-2,-2,1,1,1,1,1,2,18,13,7,5,4,9,18,18,21,2,2,1,University of Houston System,148070,47020,1,544,-2,48469,Victoria County,4827,-96.976334,28.816248,110,1,2020
225511,University of Houston,UH,212 E. Cullen Building,Houston,TX,77204-2018,48,6,Dr. Renu Khator,Chancellor/President,7137431000,746001399,036837920,365200,1,www.uh.edu/,www.uh.edu/admissions/,www.uh.edu/financial/,www.applytexas.org/adappc/gen/c_start.WBX?s_logon_msg=Y,www.uh.edu/financial/net-price-calculator/, ,www.ncaa.org/about/resources/research/graduation-rates,uh.edu/csd/,1,1,1,9,1,1,11,1,2,2,2,2,11,1,A ,-2,-2,-2,1,1,1,1,1,2,15,17,15,9,4,15,15,15,15,2,5,1,University of Houston System,148070,26420,1,288,-2,48201,Harris County,4818,-95.343537,29.720393,93,1,2020
225520,Howard College,Howard County Junior College,1001 Birdwell Lane,Big Spring,TX,79720,48,6,Cheryl T. Sparks,President,4322645000,756001827,073180309,357400,1,https://www.howardcollege.edu/,https://howardcollege.edu/futurehawk-admissions/,https://howardcollege.edu/students/financial-aid-and-scholarships/,https://www.applytexas.org/adappc/gen/c_start.WBX,www.collegeforalltexans.com/apps/CollegeMoney/,https://howardcollege.edu/come-to-howard-college/veterans/,https://howardcollege.edu/home/about/consumer-information/,https://howardcollege.edu/ada/,4,2,1,3,1,2,40,1,2,-2,2,2,32,1,A ,-2,-2,-2,1,1,1,1,1,4,3,1,0,1,1,3,1,2,40,2,2,2,-2,-2,13700,2,-2,-2,48227,Howard County,4819,-101.450104,32.252292,70,1,2020
226019,Kilgore College, ,1100 Broadway,Kilgore,TX,75662-3299,48,6,Brenda Kays,President,9039848531,756001909,078385101,358000,1,https://www.kilgore.edu/,https://www.kilgore.edu//welcome.asp,https://www.kilgore.edu/financial_aid.asp,https://www.kilgore.edu/apply.asp,https://www.kilgore.edu/apply.asp,https://www.kilgore.edu/future-students/student-services/financial-aid/veterans-education-benefits,https://www.kilgore.edu/node/6291,https://www.kilgore.edu/current-students/student-services/disability-services,4,2,1,3,1,2,40,1,2,-2,2,2,31,1,A ,-2,-2,-2,1,1,1,1,1,4,7,3,0,2,1,3,4,2,40,2,3,2,-2,-2,30980,1,-2,-2,48183,Gregg County,4801,-94.871468,32.377821,82,1,2020
226091,Lamar University, ,4400 MLK Blvd,Beaumont,TX,77705,48,6,Kenneth Evans,President,4098807011,746000298,967315706,358100,1,www.lamar.edu/,www.lamar.edu/admissions/,financialaid.lamar.edu/,www.applytexas.org/,www.collegeforalltexans.com/apps/CollegeMoney/,www.lamar.edu/financial-aid/veterans-affairs/index.html, ,www.lamar.edu/disability-resource-center/,1,1,1,9,1,1,11,1,2,2,2,2,12,1,A ,-2,-2,-2,1,1,1,1,1,2,17,16,18,7,4,13,17,17,21,2,4,1,Texas State University System,148040,13140,1,-2,-2,48245,Jefferson County,4814,-94.072244,30.042738,101,1,2020
226107,Lamar State College-Orange, ,410 Front St,Orange,TX,77630,48,6,Thomas Johnson,President,4098837750,746000298,966566135,2358200,1,www.lsco.edu/, , , ,www.collegeforalltexans.com/apps/CollegeMoney/,www.lsco.edu/veteransaffairs/veteransaffairs.asp, ,www.lsco.edu/advising/disability.asp,4,2,1,4,1,2,40,1,2,-2,2,2,22,1,A ,-2,-2,-2,1,1,1,1,1,4,8,3,0,1,1,2,7,2,40,2,2,1,Texas State University System,148040,13140,1,-2,-2,48361,Orange County,4836,-93.732235,30.0922,86,2,2020
226116,Lamar State College-Port Arthur, ,1500 Proctor St,Port Arthur,TX,77640,48,6,Dr. Betty Reynard,President,4099846342,760658056,966933764,2348500,1,www.lamarpa.edu/,www.lamarpa.edu/Future-Students/Admission-Information,www.lamarpa.edu/Current-Students/Financial-Aid,https://www.applytexas.org/,www.collegeforalltexans.com/apps/CollegeMoney/,www.lamarpa.edu/Current-Students/Financial-Aid/Requirements/Veteran-Assistance,www.lamarpa.edu/About-LSCPA/Student-Right-to-Know,www.lamarpa.edu/Current-Students/Student-Information/Admission-Resources/Special-Populations,4,2,1,3,1,2,40,1,2,-2,2,2,13,1,A ,-2,-2,-2,1,1,1,1,1,4,7,3,0,1,1,2,10,2,40,2,2,1,Texas State University System,148040,13140,1,-2,-2,48245,Jefferson County,4814,-93.925886,29.880385,83,1,2020
226134,Laredo College, ,West End Washington St,Laredo,TX,78040-4395,48,6,Dr. Ricardo J. Solis,President,9567215140,746001582,074615550,358200,1,www.laredo.edu/,www.laredo.edu/cms/admission.aspx,www.laredo.edu/cms/fa/,www.laredo.edu/cms/LCC/Admission/Apply_Now/,www.laredo.edu/financialaid/fa_calc.htm, ,www.laredo.edu/cms/LCC/About_LCC/Institutional_Research_and_Planning/Institutional_Research_and_Planning/,www.laredo.edu/cms/LCC/Student_Services/Special_Services_Center/Special_Services_Center/,1,1,1,5,1,2,30,1,2,2,2,2,11,1,A ,-2,-2,-2,1,1,1,1,1,3,4,2,0,1,1,4,4,3,40,2,3,2,-2,-2,29700,1,-2,-2,48479,Webb County,4828,-99.520772,27.506477,189,2,2020
226152,Texas A & M International University, ,5201 University Blvd,Laredo,TX,78041-1900,48,6,Pablo Arenaz,President,9563262001,741761398,095100095,965100,1,www.tamiu.edu/,www.tamiu.edu/admissions,www.tamiu.edu/financialaid/,www.applytexas.org/,www.collegeforalltexans.com/apps/CollegeMoney/,www.tamiu.edu/registrar/veterans.shtml,www.tamiu.edu/athleticcompliance/Graduation.shtml,www.tamiu.edu/disability/,1,1,1,9,1,1,12,1,2,2,2,2,11,1,A ,-2,-2,-2,1,1,1,1,1,2,18,13,13,7,3,12,18,18,21,2,3,1,Texas A&M University System,148020,29700,1,-2,-2,48479,Webb County,4828,-99.436043,27.571172,108,1,2020
226204,Lee College, ,511 S Whiting,Baytown,TX,77520,48,6,Dr. Lynda Villanueva,President,2814275611,746025566,067261180,358300,1,www.lee.edu/,www.lee.edu/admissions/,www.lee.edu/financialaid/,www.lee.edu/apply-now/,www.lee.edu/financialaid/,www.lee.edu/veterans/, ,www.lee.edu/project-leeway/,4,2,1,3,1,2,40,1,2,-2,2,2,13,1,A ,-2,-2,-2,1,1,1,1,1,4,7,3,0,1,1,3,7,5,40,2,3,2,-2,-2,26420,1,288,-2,48201,Harris County,4836,-94.978184,29.732505,82,2,2020
226408,College of the Mainland,COM,1200 Amburn Road,Texas City,TX,77591-2499,48,6,Warren Nichols,President,4099381211,741555808,969962880,709600,1,www.com.edu/,www.com.edu/admissions/,www.com.edu/financial-aid/,https://www.applytexas.org/adappc/gen/c_start.WBX,www.collegeforalltexans.com/apps/CollegeMoney/index.php,www.com.edu/veterans, ,www.com.edu/counseling/disability-services,4,2,1,3,1,2,40,1,2,-2,2,2,22,1,A ,-2,-2,-2,1,1,1,1,1,4,8,2,0,1,1,3,4,2,40,2,2,2,-2,-2,26420,1,288,-2,48167,Galveston County,4814,-94.999602,29.39581,85,1,2020
226578,McLennan Community College,MCC,1400 College Dr,Waco,TX,76708,48,6,Johnette McKown,President,2542998622,741541260,068975598,359000,1,www.mclennan.edu/,www.mclennan.edu/admissions-and-aid/,www.mclennan.edu/financial-aid/,www.mclennan.edu/admissions/become-a-student/,www.mclennan.edu/financial-aid/, ,mcciep.mclennan.edu/home/reports/pdfs/otherReports/Student_Right_To_Know.pdf,www.mclennan.edu/disability/,4,2,1,3,1,2,40,1,2,-2,2,2,12,1,A ,-2,-2,-2,1,1,1,1,1,4,2,1,0,1,1,4,5,3,40,2,3,2,-2,-2,47380,1,-2,-2,48309,McLennan County,4817,-97.171228,31.58947,67,1,2020
226806,Midland College, ,3600 N Garfield,Midland,TX,79705,48,6,Stephen Thomas,President,4326854500,751403958,073140931,979700,1,www.midland.edu/,www.midland.edu/enroll,www.midland.edu/enrollment-aid/paying-college/financial-aid/index.php,www.midland.edu/enroll,www.collegeforalltexans.com/apps/CollegeMoney/,https://www.midland.edu/audiences/veterans/index.php, ,www.midland.edu/services-resources/student-services/disabilities-services.php,1,1,1,5,1,2,30,1,2,2,2,2,12,1,A ,-2,-2,-2,1,1,1,1,1,3,14,5,0,5,2,9,14,12,40,2,2,2,-2,-2,33260,1,372,-2,48329,Midland County,4811,-102.106153,32.029646,191,1,2020
226833,Midwestern State University,MSU-Texas,3410 Taft Blvd,Wichita Falls,TX,76308-2099,48,6,Dr. Suzanne Shipley,President,9403974000,756001738,073149163,359200,1,www.msutexas.edu/,www.msutexas.edu/admissions/index,www.msutexas.edu/finaid/index,www.msutexas.edu/admissions/apply,www.msutexas.edu/finaid/net-price,www.msutexas.edu/registrar/veterans/,www.msutexas.edu/institutional-effectiveness/institutional-data.php,msutexas.edu/student-life/disability/,1,1,1,9,1,1,12,1,2,2,2,2,12,1,A ,-2,-2,-2,1,1,1,1,1,2,18,16,4,7,3,13,19,19,21,2,3,2,-2,-2,48660,1,-2,-2,48485,Wichita County,4813,-98.519386,33.874809,110,1,2020
226930,Mountain View College, ,4849 West Illinois Ave.,Dallas,TX,75211-6599,48,6, , , ,-1, ,850300,5, , , , , , , , ,4,2,1,3,1,2,40,1,2,-2,-2,2,11,1,C ,224615,2020,-2,3,1,3,9,-2,-2,3,1,0,1,1,3,3,7,40,2,-2,-2,-2,-2,19100,1,206,-2,48113,Dallas County,4833,-96.903565,32.726735,-2,-2,2020
227146,Navarro College, ,3200 W 7th Avenue,Corsicana,TX,75110,48,6,Dr. Kevin Fegan,District President,9038746501,751217144,074872680,359300,1,www.navarrocollege.edu/,www.navarrocollege.edu/admissions/,www.navarrocollege.edu/costs-aid/,https://www.applytexas.org/adappc/gen/c_start.WBX,www.collegeforalltexans.com/apps/CollegeMoney/index.php, , ,www.navarrocollege.edu/support-services/disability-services/,4,2,1,3,1,2,40,1,2,-2,2,2,32,1,A ,-2,-2,-2,1,1,1,1,1,4,4,2,0,1,1,4,4,3,40,2,3,2,-2,-2,18620,2,206,-2,48349,Navarro County,4806,-96.498731,32.076061,73,1,2020
227182,Lone Star College System,North Harris Montgomery|North Harris|NHMCCD|N Harris Montgomery|Kingwood|Tomball|Cy-Fair|CyFair|Montgomery|University Park/Houston North,5000 Research Forest Drive,The Woodlands,TX,77381-4399,48,6,Steve Head,Chancellor,8328136500,741734884,786910620,1114500,1,www.lonestar.edu/,www.lonestar.edu/admissions.htm,www.lonestar.edu/financial-aid.htm,www.lonestar.edu/admissions-application.htm,www.lonestar.edu/financial-aid.htm,www.lonestar.edu/veterans-affairs.htm, ,www.lonestar.edu/disability-services.htm,1,1,1,5,1,2,30,1,2,2,2,2,13,1,A ,-2,-2,-2,1,1,1,1,1,3,2,1,0,1,1,5,2,5,40,2,5,2,-2,-2,26420,1,288,-2,48339,Montgomery County,4808,-95.488103,30.18737,189,1,2020
227191,North Lake College, ,5001 North MacArthur Blvd.,Irving,TX,75038-3899,48,6, , , ,-1, ,2077400,5, , , , , , , , ,4,2,1,3,1,2,40,1,2,-2,-2,2,12,1,C ,224615,2020,-2,3,1,3,9,-2,-2,3,1,0,1,1,3,3,7,40,2,-2,-2,-2,-2,19100,1,206,-2,48113,Dallas County,4824,-96.967098,32.871872,-2,-2,2020
227216,University of North Texas,UNT|North Texas|Mean Grean,1501 W.Chestnut Ave.,Denton,TX,76203-1277,48,6,Neal Smatresk,President,9405652000,756002149,614168995|808659747,359400,1,www.unt.edu/,www.unt.edu/admissions.htm,financialaid.unt.edu/,apply.unt.edu/,www.collegeforalltexans.com/apps/CollegeMoney/,www.unt.edu/veterans/paying-for-college.htm,www.unt.edu/consumer-info.htm,disability.unt.edu/,1,1,1,9,1,1,11,1,2,2,2,2,12,1,A ,-2,-2,-2,1,1,1,1,1,2,15,14,15,13,4,15,15,16,15,2,5,1,University of North Texas System,148080,19100,1,206,-2,48121,Denton County,4826,-97.148422,33.211178,94,1,2020
227225,Northeast Texas Community College,NTCC,2886 FM 1735,Mount Pleasant,TX,75455,48,6,Dr. Ron Clinton,President,9034348100,751963242,130391196,2315400,1,www.ntcc.edu/,www.ntcc.edu/admissions,www.ntcc.edu/financialaid,https://myeagle.ntcc.edu/ICS/Admissions/,www.collegeforalltexans.com/apps/CollegeMoney/,www.ntcc.edu/index.php?module=Pagesetter&func=viewpub&tid=108&pid=2, ,www.ntcc.edu/specialpopulations,4,2,1,3,1,2,40,1,2,-2,2,2,42,1,A ,-2,-2,-2,1,1,1,1,1,4,6,3,0,2,1,2,5,2,40,2,2,2,-2,-2,34420,2,-2,-2,48449,Titus County,4804,-94.881855,33.104931,80,2,2020
227304,Odessa College, ,201 W University Blvd,Odessa,TX,79764,48,6,Gregory D. Williams,President,4323356400,756002907,073151011,359600,1,www.odessa.edu/,www.odessa.edu/future-students/Admissions/index.html,https://www.odessa.edu/future-students/Financial-Aid/index.html,www.odessa.edu/future-students/Admissions/be-a-wrangler/3-steps/1-Applying for Admission/index.html,www.odessa.edu/future-students/Financial-Aid/Calculating-Cost/NetPriceCalculator2/npcalc.htm,www.odessa.edu/future-students/support-and-services/other-resources/veterans/index.html, ,www.odessa.edu/future-students/support-and-services/other-resources/students-with-disabilities/index.html,1,1,1,5,1,2,30,1,2,2,2,2,12,1,A ,-2,-2,-2,1,1,1,1,1,3,5,2,0,1,1,3,5,2,40,2,3,2,-2,-2,36220,1,372,-2,48135,Ector County,4811,-102.383477,31.866812,190,1,2020
227368,The University of Texas Rio Grande Valley,UT Rio Grande Valley | UTRGV | University of Texas Rio Grande Valley |,1201 W University Dr,Edinburg,TX,78539-2999,48,6,Dr. Guy Bailey,President,9566652011,746002942,079976131,359900,1,www.utrgv.edu/,www.utrgv.edu/en-us/admissions/,www.utrgv.edu/en-us/admissions/paying-for-college/financial-aid/,https://www.applytexas.org/,www.collegeforalltexans.com/apps/CollegeMoney/,www.utrgv.edu/en-us/admissions/paying-for-college/financial-aid/veterans-resources/index.htm,www.utrgv.edu/sair/data-reports/consumer-information-disclosures/index.htm,www.utrgv.edu/accessibility/index.htm,1,1,1,9,1,1,11,1,2,1,1,2,12,1,A ,-2,-2,-2,1,1,1,1,1,2,16,14,18,7,3,15,17,18,21,2,5,1,The University of Texas System,148060,32580,1,365,-2,48215,Hidalgo County,4815,-98.173567,26.306759,97,1,2020
227377,Texas Southmost College, ,80 Fort Brown,Brownsville,TX,78520,48,6,Jesus Roberto Rodriguez,President,9562953600,746002593,076927524,3064600,1,www.tsc.edu/,www.tsc.edu/index.php/admissions-and-records.html,www.tsc.edu/index.php/financial-aid-office.html,www.tsc.edu/index.php/admissions-and-records/apply-now.html,www.tsc.edu/index.php/financial-aid-office/net-price-calculator-.html,www.tsc.edu/index.php/financial-aid-office/veterans-success-center.html, ,www.tsc.edu/index.php/counseling-and-student-accessibility-resources.html,4,2,1,3,1,2,40,1,2,-2,2,2,12,1,A ,-2,-2,-2,1,1,1,1,1,4,6,1,0,1,1,3,-2,19,21,2,3,2,-2,-2,15180,1,154,-2,48061,Cameron County,4834,-97.492241,25.899628,79,2,2020
227386,Panola College, ,1109 W Panola Street,Carthage,TX,75633-2397,48,6,Gregory Powell,President,9036932000,751854775,069730265,360000,1,www.panola.edu/,www.panola.edu/admissions/,www.panola.edu/financial-aid/index.html,https://www.applytexas.org/adappc/gen/c_start.WBX,www.collegeforalltexans.com/apps/CollegeMoney/, , ,www.panola.edu/student-success/disability-support-services/,4,2,1,3,1,2,40,1,2,-2,2,2,32,1,A ,-2,-2,-2,1,1,1,1,1,4,5,2,0,2,1,2,1,2,40,2,2,2,-2,-2,-2,-2,-2,-2,48365,Panola County,4801,-94.356355,32.156214,78,1,2020
227401,Paris Junior College, ,2400 Clarksville St,Paris,TX,75460,48,6,"Pamela Anglin, Ed.D.",President,9037857661,756002205,010477230,360100,1,www.parisjc.edu/,www.parisjc.edu/index.php/pjc2/main/gen-info/,www.parisjc.edu/index.php/pjc2/main/financial-aid-at-pjc,https://www.applytexas.org/adappc/gen/c_start.WBX?s_logon_msg=Y,www.collegeforalltexans.com/apps/CollegeMoney,www.parisjc.edu/index.php/pjc2/main/veterans,www.parisjc.edu/index.php/pjc2/main/institutional-information,www.parisjc.edu/index.php/pjc2/main/disabilities,4,2,1,3,1,2,40,1,2,-2,2,2,33,1,A ,-2,-2,-2,1,1,1,1,1,4,6,2,0,1,1,3,8,2,40,2,2,2,-2,-2,37580,2,-2,-2,48277,Lamar County,4804,-95.529177,33.650929,79,1,2020
227526,Prairie View A & M University,PVAMU,FM 1098 Road & University Drive,Prairie View,TX,77446,48,6,Ruth J. Simmons,President,9362613311,746001078, ,363000,1,www.pvamu.edu/,www.pvamu.edu/admissions/undergraduate/,www.pvamu.edu/faid/,www.applytexas.org/adappc/gen/c_start.WBX?s_logon_msg=Y,www.collegeforalltexans.com/apps/CollegeMoney/,www.pvamu.edu/sa/departments/veteranaffairs/veterans-and-dependents/, ,www.pvamu.edu/disabilityservices/,1,1,1,9,1,1,12,1,1,2,2,2,32,1,A ,-2,-2,-2,1,1,1,1,1,2,18,16,18,11,3,14,17,18,21,1,3,1,Texas A&M University System,148020,26420,1,288,-2,48473,Waller County,4810,-95.989475,30.092425,108,1,2020
227687,Ranger College, ,1100 College Circle,Ranger,TX,76470,48,6,Dr. William J. Campion,President,2546473234,756002296,060162906,360300,1,www.rangercollege.edu/,www.rangercollege.edu/,www.rangercollege.edu/,www.rangercollege.edu/,www.rangercollege.edu/financial-aid/,www.rangercollege.edu/, ,www.rangercollege.edu/,4,2,1,3,1,2,40,1,2,-2,2,2,42,1,A ,-2,-2,-2,1,1,1,1,1,4,1,2,0,2,1,2,7,1,40,2,2,2,-2,-2,-2,-2,-2,-2,48133,Eastland County,4811,-98.685215,32.456773,65,2,2020
227766,Richland College, ,12800 Abrams Rd.,Dallas,TX,75243-2199,48,6, , , ,-1, ,850400,5, , , , , , , , ,4,2,1,3,1,2,40,1,2,-2,-2,2,11,1,C ,224615,2020,-2,3,1,3,9,-2,-2,3,1,0,1,1,4,3,7,40,2,-2,-2,-2,-2,19100,1,206,-2,48113,Dallas County,4832,-96.730498,32.922135,-2,-2,2020
227854,St Philip's College, ,1801 Martin Luther King Dr,San Antonio,TX,78203-2098,48,6,Dr. Adena Williams Loston,President,2104862000,746002173,193085669,360800,1,www.alamo.edu/spc/,www.alamo.edu/spc/admissions/,www.alamo.edu/district/financial-aid/,www.applytexas.org/adappc/gen/c_start.WBX,www.alamo.edu/nvc/experience-nvc/current-students/financial-literacy/, , ,https://www.alamo.edu/spc/experience-spc/current-students/safe-space/disability-services/,4,2,1,3,1,2,40,1,1,-2,2,2,11,1,A ,-2,-2,-2,1,1,1,1,1,4,9,3,0,1,1,4,9,7,40,2,4,1,Alamo Colleges,148010,41700,1,484,-2,48029,Bexar County,4835,-98.453285,29.41508,88,1,2020
227881,Sam Houston State University,SHSU,1806 Ave J,Huntsville,TX,77340,48,6,Dr. Alisa White,President,9362941111,746001430,074179896,360600,1,www.shsu.edu/,www.shsu.edu/admissions,www.shsu.edu/~fao_www/,www.shsu.edu/admissions/apply-texas.html,www.collegeforalltexans.com/apps/CollegeMoney/,veterans.portal.texas.gov/,www.gobearkats.com/ViewArticle.dbml?&DB_OEM_ID=19900&ATCLID=205085299,www.shsu.edu/dept/disability/,1,1,1,9,1,1,11,1,2,1,2,2,32,1,A ,-2,-2,-2,1,1,1,1,1,2,17,16,18,13,3,15,17,17,21,2,5,1,Texas State University System,148040,26660,2,288,-2,48471,Walker County,4808,-95.546205,30.714738,101,1,2020
227924,San Antonio College, ,"1819 N. Main Ave.,",San Antonio,TX,78212-3941,48,6,Dr. Robert Vela,President,2104860000,746002173,949143622,916300,1,www.alamo.edu/sac,www.alamo.edu/sac/admissions/,www.alamo.edu/district/financial-aid/,www.applytexas.org/adappc/gen/c_start.WBX,www.alamo.edu/nvc/experience-nvc/current-students/financial-literacy/, , ,www.alamo.edu/sac/about-sac/college-offices/disability-support-services/,4,2,1,3,1,2,40,1,2,-2,2,2,11,1,A ,-2,-2,-2,1,1,1,1,1,4,3,2,0,1,1,4,2,7,40,2,4,1,Alamo Colleges,148010,41700,1,484,-2,48029,Bexar County,4835,-98.497647,29.44634,70,1,2020
227979,San Jacinto Community College,San Jacinto College,8060 Spencer Hwy,Pasadena,TX,77505,48,6,Dr. Brenda Hellyer,Chancellor,2819986150,746028285,077422798,360900,1,www.sanjac.edu/,https://www.sanjac.edu/steps-enroll,https://www.sanjac.edu/financial-aid,https://www.applytexas.org/adappc/gen/c_start.WBX,https://www.sanjac.edu/apply-register-pay/paying-college/payments/how-pay-college,https://www.sanjac.edu/student-services/student-support/veteran-services/veteran-benefits, ,https://www.sanjac.edu/student-services/student-concerns/student-handbook/disability-services,1,1,1,5,1,2,30,1,2,2,2,2,21,1,A ,-2,-2,-2,1,1,1,1,1,3,5,2,0,1,1,5,5,5,40,2,5,2,-2,-2,26420,1,288,-2,48201,Harris County,4836,-95.114677,29.660032,189,1,2020
228158,South Plains College, ,1401 S. College Ave,Levelland,TX,79336,48,6,Robin Satterwhite,President,80689496112542,756004667,066391004,361100,1,www.southplainscollege.edu/,catalog.southplainscollege.edu/content.php?catoid=50&navoid=1360,www.southplainscollege.edu/admission-aid/paying-for-school/financial_aid.php,www.southplainscollege.edu/apply.php,www.collegeforalltexans.com/apps/CollegeMoney/,www.southplainscollege.edu/admission-aid/apply/veterans/veteransinformation.php,static.psbin.com/n/3/n1dxeehe7u54tm/AthleticsAcademicSuccess.pdf,www.southplainscollege.edu/health/disabilityservices.php,4,2,1,3,1,2,40,1,2,-2,2,2,32,1,A ,-2,-2,-2,1,1,1,1,1,4,5,2,0,2,1,4,5,3,40,2,3,2,-2,-2,30220,2,352,-2,48219,Hockley County,4819,-102.365075,33.575904,76,1,2020
228316,Southwest Texas Junior College, ,2401 Garner Field Rd,Uvalde,TX,78801-6297,48,6,Dr. Hector Gonzales,President,8302784401,746002420,078494705,361400,1,www.swtjc.net/,www.swtjc.net/admissions-aid/new-students.html,www.swtjc.net/admissions-aid/financial-aid/index.html,https://www.applytexas.org/adappc/gen/c_start.WBX,www.collegeforalltexans.com/apps/CollegeMoney/,www.swtjc.net/admissions-aid/veteran-services.html, ,www.swtjc.net/academics/disability-support-services.html,4,2,1,3,1,2,40,1,2,-2,2,2,33,1,A ,-2,-2,-2,1,1,1,1,1,4,2,2,0,1,1,3,1,2,40,2,3,2,-2,-2,46620,2,-2,-2,48463,Uvalde County,4823,-99.741237,29.219671,67,1,2020
228431,Stephen F Austin State University,"SFASU, SFA, Stephen F, Stephen F. Austin","2008 Alumni Drive, Rusk 206",Nacogdoches,TX,75961,48,6,Scott Gordon,President,9364682011,756002514,073894727,362400,1,www.sfasu.edu/,www.sfasu.edu/admissions/,www.sfasu.edu/faid/,www.sfasu.edu/admissions/prospective.asp,www.sfasu.edu/faid/npc.asp,www.sfasu.edu/controller/businessoffice/students/waivers-exemptions.asp, ,www.sfasu.edu/disabilityservices/,1,1,1,9,1,1,12,1,2,2,2,2,33,1,A ,-2,-2,-2,1,1,1,1,1,2,17,13,18,13,3,16,18,18,21,2,4,2,-2,-2,34860,2,-2,-2,48347,Nacogdoches County,4801,-94.64908,31.621056,101,2,2020
228459,Texas State University,Texas State|Texas State University-San Marcos|Southwest Texas State University|Southwest Texas State|SWT|SWTSU|Texas State San Marcos|TxSt|TxState|TS|,601 University Dr,San Marcos,TX,78666,48,6,Denise Trauth,President,5122452111,746002248,074602368,361500,1,www.txstate.edu/,www.admissions.txstate.edu/,www.finaid.txstate.edu/,https://www.applytexas.org/adappc/gen/c_start.WBX,www.finaid.txstate.edu/more-info/npc.html,www.va.txstate.edu/,https://web3.ncaa.org/aprsearch/gsrsearch,www.ods.txstate.edu/,1,1,1,9,1,1,11,1,2,2,2,2,13,1,A ,-2,-2,-2,1,1,1,1,1,2,16,14,18,13,3,15,16,18,21,2,5,1,Texas State University System,148040,12420,1,-2,-2,48209,Hays County,4835,-97.943029,29.888885,97,1,2020
228501,Sul Ross State University,Sul Ross,HWY 90 East,Alpine,TX,79832,48,6,Pete Gallego,President,4328378011,746000027,077608966,362500,1,www.sulross.edu/,www.sulross.edu/section/234/getting-started,www.sulross.edu/page/106/financial-aid,www.applytexas.org/adappc/gen/c_start.WBX,www.collegeforalltexans.com/apps/CollegeMoney/,www.sulross.edu/page/1872/veteran-affairs, ,blogs.sulross.edu/counseling/accessibility-services/,1,1,1,7,1,1,20,1,2,2,2,2,33,1,A ,-2,-2,-2,1,1,1,1,1,2,18,13,4,7,4,10,18,18,21,2,2,1,Texas State University System,148040,-2,-2,-2,-2,48043,Brewster County,4823,-103.651469,30.363139,110,1,2020
228529,Tarleton State University,Tarleton|Texans|TSU|Tarleton State|,1333 W. Washington,Stephenville,TX,76401-0000,48,6,Dr. James L. Hurley,President,2549689000,756001870,073161697,363100,1,www.tarleton.edu/,www.tarleton.edu/admissions/,www.tarleton.edu/finaid/,www.applytexas.org/adappc/gen/c_start.WBX,www.shoppingsheet.com/Shopping/Landing/tarleton, ,https://web1.ncaa.org/app_data/gsr2015/1395.pdf,www.tarleton.edu/disability/,1,1,1,9,1,1,12,1,2,2,2,2,33,1,A ,-2,-2,-2,1,1,1,1,1,2,18,16,12,7,3,16,18,18,21,2,4,1,Texas A&M University System,148020,44500,2,-2,-2,48143,Erath County,4825,-98.214866,32.214988,107,1,2020
228547,Tarrant County College District,Tarrant County College,1500 Houston St,Fort Worth,TX,76102-6524,48,6,Eugene V. Giovannini,Chancellor,8175158223,751217163,073139040,362600,1,www.tccd.edu/,www.tccd.edu/admission/how-to-apply/,www.tccd.edu/services/paying-for-college/financial-aid/,www.tccd.edu/admission/how-to-apply/,www.tccd.edu/services/paying-for-college/tuition-and-fees/cost-of-attendance/,www.tccd.edu/services/veterans-services/, ,www.tccd.edu/services/support-services/student-accessibility-resources/,4,2,1,3,1,2,40,1,2,-2,2,2,11,1,A ,-2,-2,-2,1,1,1,1,1,4,2,1,0,1,1,5,2,7,40,2,5,2,-2,-2,19100,1,206,-2,48439,Tarrant County,4812,-97.327941,32.747495,66,2,2020
228608,Temple College,Temple Junior College,2600 S 1st St,Temple,TX,76504-7435,48,6,Dr. Christina Ponce,President,2542988282,746020689,071386411,362700,1,www.templejc.edu/,www.templejc.edu/admissions/,www.templejc.edu/admissions/financial-aid/,https://www.applytexas.org/adappc/gen/c_start.WBX,www.collegeforalltexans.com/apps/CollegeMoney/,www.templejc.edu/admissions/veterans-affairs/,www.templejc.edu/admissions/right-to-know/,www.templejc.edu/admissions/right-to-know/academic-accommodations/,4,2,1,3,1,2,40,1,2,-2,2,2,13,1,A ,-2,-2,-2,1,1,1,1,1,4,4,1,0,1,1,3,1,2,40,2,2,2,-2,-2,28660,1,-2,-2,48027,Bell County,4831,-97.350471,31.070715,74,1,2020
228635,University of Texas Southwestern Medical Center,UT Southwestern  UT Southwestern Medical School  UT Southwestern Graduate School of Biomedical Sciences  UT Southwestern Allied Health Sciences School  UTSW Medical School  UTSW Graduate School  UTSW Allied Health School  UTSWMC  UTSWMC Medical School  UTSWMC Graduate School  UTSWMC Allied Health School  University of Texas Southwestern Medical School  University of Texas Southwestern Graduate School of Biomedical Sciences  University of Texas Southwestern Allied Health Sciences School  University of Texas Southwestern School of Health Professions,5323 Harry Hines Blvd,Dallas,TX,75390-9096,48,6,"Daniel K. Podolsky, M.D.",President,2146483606,756002868,800771545,1001900,1,www.utsouthwestern.edu/,www.utsouthwestern.edu/education/utsw-catalog/,www.utsouthwestern.edu/about-us/administrative-offices/financial-aid/, ,www.utsouthwestern.edu/about-us/administrative-offices/financial-aid/,www.utsouthwestern.edu/about-us/administrative-offices/registrar.html, ,www.utsouthwestern.edu/education/student-services/academic-support/,1,1,1,9,2,1,11,1,2,1,1,2,11,1,A ,-2,-2,-2,1,1,1,1,1,1,25,0,17,0,7,18,25,25,52,2,2,1,The University of Texas System,148060,19100,1,206,-2,48113,Dallas County,4830,-96.841156,32.812307,152,2,2020
228644,The University of Texas Health Science Center at San Antonio,UT Health San Antonio,7703 Floyd Curl Dr,San Antonio,TX,78229-3900,48,6,"Henrich, William L., M.D,",President,2105672620,741586031,800772162,365900,1,www.uthscsa.edu/,uthscsa.edu/academics,https://students.uthscsa.edu/financialaid/,uthscsa.edu/academics,https://students.uthscsa.edu/financialaid/,https://students.uthscsa.edu/financialaid/2013/04/va-education-benefits-va-certification-process/, ,uthscsa.edu/eeo/index.asp,1,1,1,9,1,1,11,1,2,2,1,2,11,1,A ,-2,-2,-2,1,1,1,1,1,2,25,20,17,11,6,9,25,25,52,2,2,1,The University of Texas System,148060,41700,1,484,-2,48029,Bexar County,4821,-98.575655,29.508107,152,1,2020
228653,The University of Texas Medical Branch at Galveston,UTMB,301 University Blvd,Galveston,TX,77555-0129,48,6,"Ben Raimer, MD, MA, FAAP",Interim President,4097721011,746000949,800771149,495200,1,https://www.utmb.edu/,https://www.utmb.edu/enrollmentservices/,https://www.utmb.edu/enrollmentservices/financialaid.asp,https://www.utmb.edu/enrollmentservices/resources/admissions,https://www.utmb.edu/enrollmentservices/resources/studentaccounts/tuition-and-fee-sheets,https://www.utmb.edu/enrollmentservices/financialaid_veterans.asp, ,https://www.utmb.edu/studentservices/disabilities.asp,1,1,1,9,1,1,11,1,2,1,1,2,31,1,A ,-2,-2,-2,1,1,1,1,1,2,25,20,17,11,6,10,25,25,52,2,2,1,The University of Texas System,148060,26420,1,288,-2,48167,Galveston County,4814,-94.775956,29.310758,152,1,2020
228699,Texarkana College, ,2500 N Robison Rd,Texarkana,TX,75599,48,6,Dr. Jason Smith,President,9038233456,756004413,069748747,362800,1,https://www.texarkanacollege.edu/,https://www.texarkanacollege.edu/enrollment-services/,https://www.texarkanacollege.edu/financial-aid/,https://www.applytexas.org/adappc/gen/c_start.WBX,https://www.texarkanacollege.edu/financial-aid/,https://www.texarkanacollege.edu/financial-aid/veterans/, ,www.texarkanacollege.edu/ada-assistance/,4,2,1,3,1,2,40,1,2,-2,2,2,13,1,A ,-2,-2,-2,1,1,1,1,1,4,9,2,0,1,1,3,8,2,40,2,2,2,-2,-2,45500,1,-2,-2,48037,Bowie County,4804,-94.078,33.441868,88,1,2020
228705,Texas A & M University-Kingsville,Texas A&M-Kingsville,955 University Blvd,Kingsville,TX,78363,48,6,Dr. Mark A. Hussey,President,3615932111,746001530,868154089,363900,1,https://www.tamuk.edu/,https://www.tamuk.edu/enrollment-management/admission/,https://www.tamuk.edu/enrollment-management/finaid/,https://www.applytexas.org/adappc/gen/c_start.WBX,www.collegeforalltexans.com/apps/CollegeMoney/,https://www.tamuk.edu/enrollment-management/veterans/index.html,https://javelinaathletics.com/sports/2016/3/30/student-right-to-know.aspx,www.tamuk.edu/drc/,1,1,1,9,1,1,12,1,2,2,2,2,32,1,A ,-2,-2,-2,1,1,1,1,1,2,16,17,18,11,4,13,17,17,16,2,3,1,Texas A&M University System,148020,28780,2,204,-2,48273,Kleberg County,4834,-97.882387,27.525168,99,1,2020
228723,Texas A & M University-College Station,Texas A&M | TAMU,"JKW Administration Building, Suite 200",College Station,TX,77843-1248,48,6,Dr. Michael K. Young,President,9798453211,746000531,195576269,363200,1,https://www.tamu.edu/,admissions.tamu.edu/,financialaid.tamu.edu/,admissions.tamu.edu/freshman/apply,www.collegeforalltexans.com/apps/CollegeMoney/,veterans.tamu.edu/Home,"registrar.tamu.edu/Catalogs,-Policies-Procedures/Student-Right-to-Know",https://disability.tamu.edu/,1,1,1,9,1,1,11,1,2,2,1,2,12,1,A ,-2,-2,-2,1,1,1,1,1,2,15,17,14,14,4,16,15,15,15,1,5,1,Texas A&M University System,148020,17780,1,-2,-2,48041,Brazos County,4817,-96.336475,30.618726,93,1,2020
228769,The University of Texas at Arlington,UT Arlington,701 S. Nedderman Dr.,Arlington,TX,76013,48,6,Dr. Teik C. Lim,Interim President,8172722011,756000121,064234610,365600,1,https://www.uta.edu/,https://www.uta.edu/admissions,https://www.uta.edu/fao,https://www.applytexas.org/adappc/gen/c_start.WBX,www.collegeforalltexans.com/apps/CollegeMoney/, ,www.ncaa.org/about/resources/research/graduation-rates,www.uta.edu/disability/,1,1,1,9,1,1,11,1,2,2,2,2,11,1,A ,-2,-2,-2,1,1,1,1,1,2,15,17,15,5,4,16,15,16,15,2,5,1,The University of Texas System,148060,19100,1,206,-2,48439,Tarrant County,4806,-97.11296,32.729718,93,1,2020
228778,The University of Texas at Austin,UT Austin,110 Inner Campus Drive,Austin,TX,78705,48,6,Jay Hartzell,President,5124713434,746000203,170230239,365800,1,https://www.utexas.edu/,https://www.admissions.utexas.edu/,https://www.finaid.utexas.edu/,https://www.utexas.edu/apply,www.onestop.utexas.edu/managing-costs/cost-tuition-rates/cost-of-attendance/net-price-calculator/,https://catalog.utexas.edu/general-information/registration-tuition-and-fees/tuition-and-fees/tuition-waivers/,https://texassports.com/sports/2014/3/5/compliance_0305140211.aspx#future,https://diversity.utexas.edu/disability/,1,1,1,9,1,1,11,1,2,1,1,2,11,1,A ,-2,-2,-2,1,1,1,1,1,2,15,14,14,15,4,15,15,15,15,2,5,1,The University of Texas System,148060,12420,1,-2,-2,48453,Travis County,4825,-97.738273,30.282825,93,1,2020
228787,The University of Texas at Dallas,UT Dallas,800 West Campbell  Road,Richardson,TX,75080-3021,48,6,Dr. Richard C. Benson,President,9728832111,75130556,800188161,974100,1,www.utdallas.edu/,www.utdallas.edu/enroll/index.php,www.utdallas.edu/student/finaid/,www.utdallas.edu/enroll/freshman/application-process/,www.collegeforalltexans.com/apps/CollegeMoney/,www.utdallas.edu/student/finaid/veteran/, ,www.utdallas.edu/studentaccess/,1,1,1,9,1,1,11,1,2,2,2,2,12,1,A ,-2,-2,-2,1,1,1,1,1,2,15,14,15,15,5,16,15,16,16,2,5,1,The University of Texas System,148060,19100,1,206,-2,48113,Dallas County,4832,-96.749702,32.984673,94,1,2020
228796,The University of Texas at El Paso,UTEP,500 W. University Ave,El Paso,TX,79968-0691,48,6,Heather Wilson,President,9157475000,746000813,132051285,366100,1,www.utep.edu/,www.utep.edu/student-affairs/admissions/,www.utep.edu/student-affairs/financialaid/contact-us/index.html,https://www.applytexas.org/adappc/gen/c_start.WBX,www.collegeforalltexans.com/apps/CollegeMoney/,www.utep.edu/student-affairs/mssc/,utepminers.com/sports/2017/6/7/school-bio-academic-center-html.aspx?path=on-campus,www.utep.edu/student-affairs/cass/,1,1,1,9,1,1,11,1,2,2,2,2,11,1,A ,-2,-2,-2,1,1,1,1,1,2,15,17,15,7,4,15,16,16,16,2,5,1,The University of Texas System,148060,21340,1,238,-2,48141,El Paso County,4816,-106.504098,31.77015,95,1,2020
228802,The University of Texas at Tyler,UT Tyler,3900 University Blvd,Tyler,TX,75799-6699,48,6,Michael V. Tidwell,President,9035667000,751396988,800189235,1116300,1,https://www.uttyler.edu/,https://www.uttyler.edu/admissions/,https://www.uttyler.edu/financialaid/,https://www.applytexas.org/,https://www.uttyler.edu/admissions/cost-calculator.php,https://www.uttyler.edu/military-and-veterans-success-center/, ,https://www.uttyler.edu/disabilityservices/,1,1,1,9,1,1,11,1,2,2,2,2,12,1,A ,-2,-2,-2,1,1,1,1,1,2,17,17,18,9,4,12,18,18,21,2,3,1,The University of Texas System,148060,46340,1,540,-2,48423,Smith County,4801,-95.254337,32.315772,101,1,2020
228909,University of North Texas Health Science Center,UNT Health Science Center|UNTHSC|University of North Texas Health Sciences Center at Fort Worth|UNT Health Sciences Center|Texas College of Osteopathic Medicine|TCOM,3500 Camp Bowie Blvd,Fort Worth,TX,76107-2699,48,6,"Michael Williams, DO, MD, MBA",President,8177352000,756064033,110091808,976800,1,www.unthsc.edu/,www.unthsc.edu/students/future-students/admissions/,www.unthsc.edu/students/financial-aid/,www.unthsc.edu/students/future-students/admissions/,www.unthsc.edu/students/unthsc-tuition-and-fees/,www.unthsc.edu/students/unthsc-tuition-and-fees/tuition-and-fee-waivers/, ,www.unthsc.edu/students/office-of-disability-accomodations/,1,1,1,9,2,1,11,1,2,1,1,2,11,1,A ,-2,-2,-2,1,1,1,1,1,1,25,0,17,0,7,18,25,25,52,2,2,1,University of North Texas System,148080,19100,1,206,-2,48439,Tarrant County,4812,-97.369138,32.749907,152,2,2020
229018,The University of Texas Permian Basin,UT Permian Basin,4901 E University,Odessa,TX,79762-0001,48,6,Sandra K. Woodley,President,4325522020,751393493,800188807,993000,1,www.utpb.edu/,www.utpb.edu/admissions,www.utpb.edu/campus-life/financial-aid,www.utpb.edu/admissions/apply-now!,www.collegeforalltexans.com/apps/CollegeMoney/,www.utpb.edu/campus-life/veterans-services/getting-started-,www.utpbfalcons.com/sports/2011/2/22/GEN_0222112109.aspx?,www.utpb.edu/academics/undergraduate-success/TSAAD/ssd,1,1,1,7,1,1,20,1,2,2,2,2,12,1,A ,-2,-2,-2,1,1,1,1,1,2,18,13,4,5,4,13,19,19,21,2,3,1,The University of Texas System,148060,36220,1,372,-2,48135,Ector County,4811,-102.329634,31.889509,110,1,2020
229027,The University of Texas at San Antonio,UTSA,One UTSA Circle,San Antonio,TX,78249-1644,48,6,Taylor Eighmy,President,2104584011,417171158,800189185,1011500,1,www.utsa.edu/,www.utsa.edu/admissions/,www.utsa.edu/financialaid/,www.applytexas.org/,bluebook.utsa.edu/AttendanceCost.aspx,utsa.edu/financialaid/military/hazlewood.html,https://web3.ncaa.org/aprsearch/gsrsearch,www.utsa.edu/disability/,1,1,1,9,1,1,12,1,2,2,2,2,11,1,A ,-2,-2,-2,1,1,1,1,1,2,16,14,15,13,4,15,16,16,21,2,5,1,The University of Texas System,148060,41700,1,484,-2,48029,Bexar County,4820,-98.620657,29.583709,97,1,2020
229063,Texas Southern University,TSU,3100 Cleburne St,Houston,TX,77004,48,6,Mr. Kenneth Huewitt,Interim President,7133137011,746001391,050298975,364200,1,www.tsu.edu/,www.tsu.edu/admissions/undergraduate-admission.html,www.tsu.edu/admissions/financial-aid/index.html,www.applytexas.org/adappc/gen/c_start.WBX,www.tsu.edu/admissions/financial-aid/college-costs.html,students.tsu.edu/departments/veteran-affairs/, ,students.tsu.edu/departments/disability-services/,1,1,1,9,1,1,11,1,1,2,2,2,11,1,A ,-2,-2,-2,1,1,1,1,1,2,16,16,18,11,4,12,17,17,16,2,3,2,-2,-2,26420,1,288,-2,48201,Harris County,4818,-95.361113,29.721046,99,1,2020
229115,Texas Tech University, ,Broadway and University Avenue,Lubbock,TX,79409-5005,48,6,"Lawrence Schovanec, Ph.D",President,8067422011,756002622,041367053,364400,1,www.ttu.edu/,www.depts.ttu.edu/admissions/,www.depts.ttu.edu/financialaid/,www.applytexas.org/,www.depts.ttu.edu/financialaid/netCostCalcHome.php,www.depts.ttu.edu/diversity/mvp/net_cost_calculator.php,www.depts.ttu.edu/studentconduct/right-to-know.php,www.depts.ttu.edu/sds/,1,1,1,9,1,1,11,1,2,2,2,2,11,1,A ,-2,-2,-2,1,1,1,1,1,2,15,17,15,15,4,16,15,16,15,2,5,1,Texas Tech University System,148050,31180,1,352,-2,48303,Lubbock County,4819,-101.874783,33.583448,94,1,2020
229179,Texas Woman's University,TWU,304 Administration Dr,Denton,TX,76204,48,6,Carine Feyten,Chancellor and President,9408982000,756002618,068979848,364600,1,www.twu.edu/,www.twu.edu/admissions/,www.twu.edu/finaid/,www.applytexas.org/,www.collegeforalltexans.com/apps/CollegeMoney/,www.twu.edu/veterans,twuathletics.com/,https://www.twu.edu/disability-services/,1,1,1,9,1,1,11,1,2,2,2,2,12,1,A ,-2,-2,-2,1,1,1,1,1,2,17,13,15,7,5,15,17,17,16,2,4,2,-2,-2,19100,1,206,-2,48121,Denton County,4826,-97.127842,33.226211,101,1,2020
229300,The University of Texas Health Science Center at Houston,UTHealth,7000 Fannin,Houston,TX,77030,48,6,"Giuseppe Colasurdo, MD",President,7135004472,741761309,800771594,495100,1,www.uth.edu/,https://www.uth.edu/registrar/,https://www.uth.edu/sfs/index.htm,https://www.uth.edu/registrar/applicants/application-forms.htm,www.uth.edu/,https://www.uth.edu/registrar/current-students/student-information/veteranshazelwood-act.htm, ,https://www.uth.edu/hr/department/equal-opportunity/disability-accomodation.htm,1,1,1,9,1,1,11,1,2,1,1,2,11,1,A ,-2,-2,-2,1,1,1,1,1,2,25,20,17,11,6,12,25,25,52,2,3,1,The University of Texas System,148060,26420,1,288,-2,48201,Harris County,4809,-95.403183,29.702873,152,1,2020
229337,Texas Tech University Health Sciences Center, ,3601 4th Street,Lubbock,TX,79430,48,6,Lori Rice-Spearman,President,8067431000,756002622,609980727,1067400,1,https://www.ttuhsc.edu/,https://www.ttuhsc.edu/medicine/admissions/,https://www.ttuhsc.edu/financial-aid/,https://www.ttuhsc.edu/admissions/apply.aspx,www.depts.ttu.edu/financialaid/netcostcalchome.php,https://www.ttuhsc.edu/veterans-resource-center/, ,https://www.ttuhsc.edu/disability/default.aspx,1,1,1,9,1,1,11,1,2,1,1,2,11,1,A ,-2,-2,-2,1,1,1,1,1,2,25,20,18,11,6,12,25,25,52,2,3,1,Texas Tech University System,148050,31180,1,352,-2,48303,Lubbock County,4819,-101.891915,33.589284,152,2,2020
229355,Tyler Junior College, ,1400 East Fifth Street,Tyler,TX,75701,48,6,Juan E. Mejia,President,9035102200,756002676,076724798,364800,1,www.tjc.edu/,www.tjc.edu/apply,www.tjc.edu/finaid,www.tjc.edu/apply,www.tjc.edu/costcalc, ,www.tjc.edu/downloads/download/46/athletic_academic_success_rate,www.tjc.edu/disabilities,1,1,1,5,1,2,30,1,2,2,2,2,12,1,A ,-2,-2,-2,1,1,1,1,1,3,14,5,0,7,2,12,4,3,40,2,4,2,-2,-2,46340,1,540,-2,48423,Smith County,4801,-95.284122,32.33601,190,1,2020
229504,Vernon College,Vernon Regional Junior College VRJC VC Vernon,4400 College Dr.,Vernon,TX,76384-4092,48,6,"Dusty R. Johnston, Ed.D.",President,9405526291,751325933,078546272,1006000,1,www.vernoncollege.edu/,www.vernoncollege.edu/admissions-home,www.vernoncollege.edu/financial-aid-home-page,https://www.applytexas.org/,www.collegeforalltexans.com/apps/CollegeMoney/,www.vernoncollege.edu/handbook-for-veterans,www.vernoncollege.edu/Resources/Government Mandated Information/SRTK 2018.pdf,www.vernoncollege.edu/ADA-Home,4,2,1,3,1,2,40,1,2,-2,2,2,41,1,A ,-2,-2,-2,1,1,1,1,1,4,6,2,0,1,1,2,6,2,40,2,2,2,-2,-2,46900,2,-2,-2,48487,Wilbarger County,4813,-99.319094,34.159298,80,1,2020
229540,Victoria College, ,2200 E Red River,Victoria,TX,77901,48,6,Dr. Jennifer Kent,President,3615733291,746002452,056321706,366200,1,www.victoriacollege.edu/,www.victoriacollege.edu/admissionsrecords,www.victoriacollege.edu/financialaid,www.victoriacollege.edu/admissions,www.victoriacollege.edu/financialaid,www.victoriacollege.edu/Explore/GettingStarted/Advising/VeteransServices, ,www.victoriacollege.edu/disabilityservices,4,2,1,3,1,2,40,1,2,-2,2,2,13,1,A ,-2,-2,-2,1,1,1,1,1,4,4,2,0,1,1,3,4,2,40,2,2,2,-2,-2,47020,1,544,-2,48469,Victoria County,4827,-96.979226,28.816446,74,1,2020
229799,Weatherford College, ,225 College Park Drive,Weatherford,TX,76086-5699,48,6,Dr. Tod Allen Farmer,President,8002875471,756002862,068378611,366400,1,https://www.wc.edu/,https://www.wc.edu/admissions,https://www.wc.edu/financial-aid,https://www.wc.edu/financial-aid/application-process,https://www.wc.edu/financial-aid/cost-attendance,https://www.wc.edu/military-veterans,https://www.wc.edu/about/consumer-information,https://www.wc.edu/campus-administration/accommodationsdisabilities-office,1,1,1,5,1,2,30,1,2,2,2,2,31,1,A ,-2,-2,-2,1,1,1,1,1,3,4,2,0,1,1,3,1,4,40,2,3,2,-2,-2,19100,1,206,-2,48367,Parker County,4812,-97.792629,32.74133,190,2,2020
229814,West Texas A & M University,WTAMU,2501 4th Ave,Canyon,TX,79016-0001,48,6,Dr. Walter V. Wendler,President/CEO,8066510000,756031405,065022758|961807203,366500,1,www.wtamu.edu/,https://www.wtamu.edu/admissions,https://www.wtamu.edu/financialaid,https://www.applytexas.org/,https://apps.wtamu.edu/calculator/,https://www.wtamu.edu/administration/veterans-services.aspx,https://www.wtamu.edu/student-support/student-judicial-affairs/student-right-to-know-and-campus-security-act.html,https://www.wtamu.edu/student-support/disability-services/index.html,1,1,1,9,1,1,12,1,2,2,2,2,31,1,A ,-2,-2,-2,1,1,1,1,1,2,18,16,13,9,4,13,18,18,21,2,4,1,Texas A&M University System,148020,11100,1,108,-2,48381,Randall County,4813,-101.914736,34.982789,108,2,2020
229832,Western Texas College, ,6200 College Ave,Snyder,TX,79549,48,6,Barbara Beebe,President,3255738511,751310636, ,954900,1,www.wtc.edu/,www.wtc.edu/students/applying/admissions.html,www.wtc.edu/students/applying/financialaid.html,www.wtc.edu/uploads/appsforms/admissionapplication.pdf,https://my.wtc.edu/ICS/Financial_Aid/Default_Page.jnz?portlet=Net_Price_Calculator,www.wtc.edu/, ,wtc.edu/,4,2,1,3,1,2,40,1,2,-2,2,2,33,1,A ,-2,-2,-2,1,1,1,1,1,4,3,2,0,1,1,2,6,2,40,2,2,2,-2,-2,43660,2,-2,-2,48415,Scurry County,4819,-100.914945,32.678458,71,2,2020
229841,Wharton County Junior College, ,911 Boling Hwy,Wharton,TX,77488,48,6,Betty McCrohan,President,9795324560,746002562,070145594,366800,1,https://www.wcjc.edu/,https://www.wcjc.edu/Admissions/index.aspx,https://wcjc.edu/About-Us/administration/offices/financial-aid/index.aspx,www.applytexas.org/adappc/gen/c_start.WBX,www.collegeforalltexans.com/apps/CollegeMoney/,https://wcjc.edu/About-Us/administration/offices/financial-aid/fa_veterans.aspx,https://www.wcjc.edu/About-Us/administration/offices/student-services/handbooks.aspx,https://www.wcjc.edu/About-Us/administration/offices/student-services/disability-services.aspx,4,2,1,3,1,2,40,1,2,-2,2,2,32,1,A ,-2,-2,-2,1,1,1,1,1,4,4,2,0,2,1,3,5,3,40,2,3,2,-2,-2,20900,2,288,-2,48481,Wharton County,4827,-96.085815,29.3238,73,1,2020
246354,Palo Alto College, ,1400 W Villaret Blvd,San Antonio,TX,78224-2499,48,6,Dr. Robert Garza,President,2104863000,746002173,782010227,2341300,1,alamo.edu/pac/,www.alamo.edu/pac/admissions-aid/,alamo.edu/district/financial-aid/web-directory/,www.applytexas.org/adappc/gen/c_start.WBX,https://www.alamo.edu/nvc/experience-nvc/current-students/financial-literacy/,mypaccatalog.alamo.edu/content.php?catoid=76&navoid=2146, ,https://www.alamo.edu/sac/about-sac/college-offices/disability-support-services/,4,2,1,3,1,2,40,1,2,-2,2,2,11,1,A ,-2,-2,-2,1,1,1,1,1,4,3,1,0,1,1,3,3,7,40,2,4,1,Alamo Colleges,148010,41700,1,484,-2,48029,Bexar County,4823,-98.543468,29.322955,70,1,2020
247834,Collin County Community College District,Collin County Community College District|Collin County Community College|Colin County Community College District|Colin County Community College|Collin College|Colin College|Collin|Colin|CCCCD|CCCC|Quad C|,3452 Spur 399,McKinney,TX,75069,48,6,H. Neil Matkin,District President,9728815790,752037156,148158751,2361400,1,www.collin.edu/,www.collin.edu/gettingstarted/admissions/,www.collin.edu/gettingstarted/financialaid/,www.collin.edu/gettingstarted/admissions/,www.collegeforalltexans.com/apps/CollegeMoney/,www.collin.edu/gettingstarted/veterans/,www.collin.edu/aboutus/statistics/,www.collin.edu/studentresources/disabilityservices/,1,1,1,5,1,2,30,1,2,2,2,2,22,1,A ,-2,-2,-2,1,1,1,1,1,3,2,1,0,1,1,5,2,5,40,2,5,2,-2,-2,19100,1,206,-2,48085,Collin County,4803,-96.63894,33.16241,189,1,2020
382911,Southwest Collegiate Institute for the Deaf,SWCID  Howard College - SWCID,3200 Ave C,Big Spring,TX,79720-7298,48,6,Cheryl T Sparks,President,4322643700,751914499,073180309,357401,1,https://howardcollege.edu/swcid/,https://howardcollege.edu/futurehawk-admissions/,https://howardcollege.edu/students/financial-aid-and-scholarships/,https://www.applytexas.org/adappc/gen/c_start.WBX,www.collegeforalltexans.com/apps/CollegeMoney/,https://howardcollege.edu/come-to-howard-college/veterans/,https://howardcollege.edu/home/about/consumer-information/,https://howardcollege.edu/ada/,4,2,1,3,1,2,40,1,2,-2,2,2,32,1,A ,-2,-2,-2,1,1,1,1,1,4,1,2,0,3,1,1,7,1,-2,2,1,2,-2,-2,13700,2,-2,-2,48227,Howard County,4819,-101.50294,32.226498,65,2,2020
409315,South Texas College, ,3201 W Pecan,McAllen,TX,78502-9701,48,6,Dr. Shirley A. Reed,President,9568728311,742683499,171654346,3103400,1,https://www.southtexascollege.edu/,https://studentservices.southtexascollege.edu/admissions/,https://studentservices.southtexascollege.edu/finaid/,https://www.southtexascollege.edu/getting-started/index.php,https://studentservices.southtexascollege.edu/finaid/websites.html, , ,https://studentservices.southtexascollege.edu/counseling/disability.html,1,1,1,5,1,2,30,1,2,2,2,2,12,1,A ,-2,-2,-2,1,1,1,1,1,3,14,5,0,5,2,15,14,12,40,2,5,2,-2,-2,32580,1,365,-2,48215,Hidalgo County,4815,-98.253634,26.217591,189,1,2020
416801,The University of Texas MD Anderson Cancer Center,MD Anderson Cancer Center| MD Anderson Hospital|MD Anderson Hospital and Tumor Institute|MDACC|UTMDACC|Anderson Cancer Center,1515 Holcombe Blvd.,Houston,TX,77030-4009,48,6,Peter Pisters,President,8003921611,746001118,800772139,2555400,1,www.mdanderson.org/,www.uth.edu/registrar/applicants/admissions.htm,www.uth.edu/sfs/,uth.edu/registrar/applicants/application-forms.htm, , , ,sph.uth.edu/current-students/student-life-and-resources/student-disability-accommodations/,1,1,1,7,1,1,20,1,2,1,2,2,11,1,A ,-2,-2,-2,1,1,1,1,1,2,26,19,3,7,3,6,26,26,-2,2,1,1,The University of Texas System,148060,26420,1,288,-2,48201,Harris County,4809,-95.396804,29.707016,154,2,2020
420398,Northwest Vista College, ,3535 N. Ellison Drive,San Antonio,TX,78251,48,6,Dr. Ric Baser,President,2104864000,746002173,052902744,3372300,1,alamo.edu/nvc/,alamo.edu/nvc/admissions/,alamo.edu/district/financial-aid/web-directory/,www.applytexas.org/,www.collegeforalltexans.com/apps/CollegeMoney/index.php,mynvccatalog.alamo.edu/content.php?catoid=78&navoid=2146, ,https://www.alamo.edu/nvc/academics/resources/access-disability-services/,4,2,1,3,1,2,40,1,2,-2,2,2,11,1,A ,-2,-2,-2,1,1,1,1,1,4,3,1,0,1,1,4,1,7,40,2,4,1,Alamo Colleges,148010,41700,1,484,-2,48029,Bexar County,4820,-98.70513,29.471308,70,1,2020
441760,Lamar Institute of Technology, ,855 E Lavaca,Beaumont,TX,77705,48,6,Dr. Lonnie Howard,President,4098808321,760694136,002031164,3627300,1,https://www.lit.edu/,https://www.lit.edu/admissions/Admissions.aspx,https://www.lit.edu/depts/finaid/default.aspx,https://www.applytexas.org/,www.collegeforalltexans.com/apps/CollegeMoney/index.php,https://www.lit.edu/depts/stuserv/vets.aspx, ,https://www.lit.edu/student-success/special-populations,4,2,1,3,1,2,40,1,2,-2,2,2,12,1,A ,-2,-2,-2,1,1,1,1,1,4,7,3,0,2,1,2,7,4,-2,2,2,1,Texas State University System,148040,13140,1,-2,-2,48245,Jefferson County,4814,-94.077126,30.047885,83,1,2020
459949,Texas A&M University-San Antonio,A&M-SA,One University Way,San Antonio,TX,78224,48,6,Dr. Cynthia Teniente-Matson,President,2107841000,264168896,928546501,4248500,1,www.tamusa.edu/,www.tamusa.edu/admissions/index.html,www.tamusa.edu/financialaid/index.html,https://www.applytexas.org/adappc/gen/c_start.WBX,www.collegeforalltexans.com/apps/CollegeMoney/,www.tamusa.edu/militaryaffairs/, ,www.tamusa.edu/studentengagementsuccess/dss/index.html,1,1,1,7,1,1,20,1,2,2,2,2,41,1,A ,-2,-2,-2,1,1,1,1,1,2,18,10,6,5,4,12,-2,-2,-2,2,3,1,Texas A&M University System,148020,41700,1,484,-2,48029,Bexar County,4823,-98.52417,29.304762,110,1,2020
483036,Texas A&M University-Central Texas,A&M-Central Texas,1001 Leadership Place,Killeen,TX,76549,48,6,"Marc A. Nigliazzo, PhD",President,2545195400,244169042,088509669,4229500,1,tamuct.edu/,www.tamuct.edu/admissions.html,www.tamuct.edu/financial-aid/index.html,https://www.applytexas.org/adappc/gen/c_start.WBX,www.collegeforalltexans.com/apps/CollegeMoney/,www.tamuct.edu/veterans-affairs/index.html, ,https://www.tamuct.edu/student-affairs/access-inclusion.html,1,1,1,7,1,1,20,1,2,2,2,2,41,1,A ,-2,-2,-2,1,1,1,1,1,2,19,13,4,5,5,9,18,-2,-2,2,2,1,Texas A&M University System,148020,28660,1,-2,-2,48027,Bell County,4831,-97.775182,31.053407,118,1,2020
484905,University of North Texas at Dallas,UNTD,7300 University Hills Drive,Dallas,TX,75241,48,6,Bob Mong,President,9727803600,271208151,010174395,4242100,1,untdallas.edu/,https://admissions.untdallas.edu/,https://finaid.untdallas.edu/financial-aid-scholarships,https://www.applytexas.org/adappc/gen/c_start.WBX,www.collegeforalltexans.com/apps/CollegeMoney/,https://finaid.untdallas.edu/military-scholarships, ,https://sa.untdallas.edu/disability-services,1,1,1,9,1,1,13,1,2,2,2,2,11,1,A ,-2,-2,-2,1,1,1,1,1,2,19,13,9,7,4,9,20,-2,-2,2,2,1,University of North Texas System,148080,19100,1,206,-2,48113,Dallas County,4830,-96.803446,32.659588,118,1,2020
485537,University of Texas Health Science Center at Tyler, ,11937 US Highway 271,Tyler,TX,75708-3154,48,6,Dr. Kirk A. Calhoun,President,9038777777,756001354,800772337,4243900,1,https://www.uthct.edu/,https://www.uthct.edu/prospective-students,https://www.uth.edu/sfs/,https://uthealthtyler.embark.com/auth/login,https://www.uth.edu/sfs/financial-aid/attendance.htm, , ,https://www.uthct.edu/academic-and-medical-education/student-services,1,1,1,7,2,1,20,1,2,1,2,2,12,1,A ,-2,-2,-2,1,1,1,1,1,1,26,0,3,0,7,18,-2,-2,-2,2,1,1,The University of Texas System,148060,46340,1,540,-2,48423,Smith County,4801,-95.213526,32.425963,154,2,2020
487320,Texas State Technical College,TSTC,3801 Campus Drive,Waco,TX,76705,48,6,Jonathan Lasley,Senior Executive Director,8007928784,741646989,068986645,363400,1,www.tstc.edu/,www.tstc.edu/,www.tstc.edu/,https://texasstatetechcollege.force.com/OnlineApp/TX_SiteLogin?startURL=,www.collegeforalltexans.com/apps/CollegeMoney/index.php,www.tstc.edu/veterans,https://www.tstc.edu/about/cleryreportcrimestatistics,www.tstc.edu/admissions/disabilityservices,4,2,1,4,1,2,40,1,2,-2,2,2,12,1,A ,-2,-2,-2,1,1,1,1,1,4,8,3,0,1,1,4,7,2,40,2,4,1,Texas State Technical College System,148030,47380,1,-2,-2,48309,McLennan County,4817,-97.08471,31.639295,85,2,2020
488730,Northeast Lakeview College, ,1201 Kitty Hawk Rd,Universal City,TX,78145,48,6,Dr. Veronica Garcia,President,2104865000,746002173,829673826,4263600,1,www.alamo.edu/nlc, , , ,www.alamo.edu/admission--aid,www.alamo.edu/nlc, ,www.alamo.edu/nlc,4,2,1,3,1,2,40,1,2,-2,2,2,21,1,A ,-2,-2,-2,1,1,1,1,1,4,2,1,0,1,1,2,-2,-2,-2,2,3,1,Alamo Colleges,148010,41700,1,484,-2,48029,Bexar County,4828,-98.323246,29.545802,68,2,2020
492689,Texas Tech University Health Sciences Center-El Paso, ,5001 El Paso Drive,El Paso,TX,79905-2827,48,6,"Richard Lange, MD, MBA",President,9152158000,756002622,962545658,4280800,1,elpaso.ttuhsc.edu/,elpaso.ttuhsc.edu/som/admissions/,elpaso.ttuhsc.edu/studentservices/Financial-Aid/,elpaso.ttuhsc.edu/som/admissions/,www.depts.ttu.edu/financialaid/netCostCalcHome.php,elpaso.ttuhsc.edu/studentservices/veteransaffairs.aspx, ,elpaso.ttuhsc.edu/studentservices/office-of-academic-and-disability-support-services/default.aspx,1,1,1,9,1,1,13,1,2,1,1,2,11,1,A ,-2,-2,-2,1,1,1,1,1,2,-2,-2,-2,-2,-2,-2,-2,-2,-2,2,1,1,Texas Tech University System,148050,21340,1,238,-2,48141,El Paso County,4816,-106.43122,31.771891,101,2,2020
